{
  "total_pnl": 6520.562499999991,
  "win_rate_pct": 65.625,
  "max_drawdown": 19366.9375,
  "trades": 32,
  "profit_factor": 0.6147847139794826,
  "expectancy": 203.767578125,
  "avg_win": 2098.2916666666665,
  "avg_loss": -3413.0511363636365
}